Contract;Date and time;kWh;Consumption code;Average temperature (°C);Temperature code
0312316267;2019-02-14 23:00:00;2.43;R;-6;R
0312316267;2019-02-14 22:00:00;2.56;R;-7;R
0312316267;2019-02-14 21:00:00;2.76;R;-8;R
0312316267;2019-02-14 20:00:00;1.02;R;-8;R
0312316267;2019-02-14 19:00:00;3.41;R;-9;R
0312316267;2019-02-14 18:00:00;0.53;R;-8;R
0312316267;2019-02-14 17:00:00;0.50;R;-6;R
0312316267;2019-02-14 16:00:00;0.57;R;-6;R
0312316267;2019-02-14 15:00:00;1.64;R;-5;R
0312316267;2019-02-14 14:00:00;0.53;R;-5;R
0312316267;2019-02-14 13:00:00;0.61;R;-5;R
0312316267;2019-02-14 12:00:00;3.43;R;-6;R
0312316267;2019-02-14 11:00:00;3.84;R;-6;R
0312316267;2019-02-14 10:00:00;2.34;R;-6;R
0312316267;2019-02-14 09:00:00;1.70;R;-7;R
0312316267;2019-02-14 08:00:00;2.02;R;-7;R
0312316267;2019-02-14 07:00:00;1.11;R;-7;R
0312316267;2019-02-14 06:00:00;0.81;R;-6;R
0312316267;2019-02-14 05:00:00;0.98;R;-7;R
0312316267;2019-02-14 04:00:00;0.95;R;-7;R
0312316267;2019-02-14 03:00:00;0.75;R;-7;R
0312316267;2019-02-14 02:00:00;0.41;R;-7;R
0312316267;2019-02-14 01:00:00;0.42;R;-5;R
0312316267;2019-02-14 00:00:00;0.45;R;-5;R
0312316267;2019-02-13 23:00:00;1.60;R;-5;R
0312316267;2019-02-13 22:00:00;1.34;R;-4;R
0312316267;2019-02-13 21:00:00;0.68;R;-4;R
0312316267;2019-02-13 20:00:00;0.74;R;-3;R
0312316267;2019-02-13 19:00:00;1.77;R;-3;R
0312316267;2019-02-13 18:00:00;1.32;R;-2;R
0312316267;2019-02-13 17:00:00;1.04;R;-2;R
0312316267;2019-02-13 16:00:00;0.67;R;-1;R
0312316267;2019-02-13 15:00:00;0.26;R;0;R
0312316267;2019-02-13 14:00:00;0.36;R;0;R
0312316267;2019-02-13 13:00:00;0.38;R;0;R
0312316267;2019-02-13 12:00:00;0.94;R;0;R
0312316267;2019-02-13 11:00:00;3.22;R;-2;R
0312316267;2019-02-13 10:00:00;0.47;R;-4;R
0312316267;2019-02-13 09:00:00;2.28;R;-5;R
0312316267;2019-02-13 08:00:00;3.33;R;-5;R
0312316267;2019-02-13 07:00:00;1.00;R;-6;R
0312316267;2019-02-13 06:00:00;1.11;R;-6;R
0312316267;2019-02-13 05:00:00;1.03;R;-6;R
0312316267;2019-02-13 04:00:00;1.21;R;-6;R
0312316267;2019-02-13 03:00:00;1.10;R;-7;R
0312316267;2019-02-13 02:00:00;1.66;R;-7;R
0312316267;2019-02-13 01:00:00;1.03;R;-7;R
0312316267;2019-02-13 00:00:00;1.09;R;-7;R
0312316267;2019-02-12 23:00:00;2.53;R;-7;R
0312316267;2019-02-12 22:00:00;3.22;R;-6;R
0312316267;2019-02-12 21:00:00;2.94;R;-7;R
0312316267;2019-02-12 20:00:00;1.18;R;-8;R
0312316267;2019-02-12 19:00:00;2.35;R;-9;R
0312316267;2019-02-12 18:00:00;1.94;R;-11;R
0312316267;2019-02-12 17:00:00;1.31;R;-11;R
0312316267;2019-02-12 16:00:00;1.40;R;-12;R
0312316267;2019-02-12 15:00:00;1.37;R;-12;R
0312316267;2019-02-12 14:00:00;1.88;R;-12;R
0312316267;2019-02-12 13:00:00;1.26;R;-13;R
0312316267;2019-02-12 12:00:00;1.15;R;-14;R
0312316267;2019-02-12 11:00:00;2.33;R;-14;R
0312316267;2019-02-12 10:00:00;2.74;R;-15;R
0312316267;2019-02-12 09:00:00;1.98;R;-15;R
0312316267;2019-02-12 08:00:00;1.21;R;-16;R
0312316267;2019-02-12 07:00:00;1.61;R;-16;R
0312316267;2019-02-12 06:00:00;1.40;R;-17;R
0312316267;2019-02-12 05:00:00;1.82;R;-16;R
0312316267;2019-02-12 04:00:00;1.64;R;-16;R
0312316267;2019-02-12 03:00:00;1.09;R;-17;R
0312316267;2019-02-12 02:00:00;1.09;R;-16;R
0312316267;2019-02-12 01:00:00;0.66;R;-16;R
0312316267;2019-02-12 00:00:00;0.53;R;-15;R
0312316267;2019-02-11 23:00:00;0.25;R;-14;R
0312316267;2019-02-11 22:00:00;1.94;R;-13;R
0312316267;2019-02-11 21:00:00;1.63;R;-12;R
0312316267;2019-02-11 20:00:00;2.65;R;-12;R
0312316267;2019-02-11 19:00:00;2.53;R;-11;R
0312316267;2019-02-11 18:00:00;4.00;R;-11;R
0312316267;2019-02-11 17:00:00;3.98;R;-10;R
0312316267;2019-02-11 16:00:00;0.76;R;-9;R
0312316267;2019-02-11 15:00:00;0.63;R;-9;R
0312316267;2019-02-11 14:00:00;0.38;R;-9;R
0312316267;2019-02-11 13:00:00;0.94;R;-10;R
0312316267;2019-02-11 12:00:00;0.81;R;-11;R
0312316267;2019-02-11 11:00:00;1.61;R;-11;R
0312316267;2019-02-11 10:00:00;3.96;R;-12;R
0312316267;2019-02-11 09:00:00;2.10;R;-12;R
0312316267;2019-02-11 08:00:00;3.47;R;-12;R
0312316267;2019-02-11 07:00:00;2.65;R;-13;R
0312316267;2019-02-11 06:00:00;1.89;R;-14;R
0312316267;2019-02-11 05:00:00;0.66;R;-13;R
0312316267;2019-02-11 04:00:00;0.42;R;-13;R
0312316267;2019-02-11 03:00:00;0.35;R;-12;R
0312316267;2019-02-11 02:00:00;0.32;R;-11;R
0312316267;2019-02-11 01:00:00;0.14;R;-10;R
0312316267;2019-02-11 00:00:00;0.61;R;-11;R
0312316267;2019-02-10 23:00:00;0.33;R;-10;R
0312316267;2019-02-10 22:00:00;1.37;R;-10;R
0312316267;2019-02-10 21:00:00;2.07;R;-10;R
0312316267;2019-02-10 20:00:00;2.46;R;-9;R
0312316267;2019-02-10 19:00:00;1.60;R;-8;R
0312316267;2019-02-10 18:00:00;1.61;R;-8;R
0312316267;2019-02-10 17:00:00;0.87;R;-8;R
0312316267;2019-02-10 16:00:00;1.69;R;-7;R
0312316267;2019-02-10 15:00:00;0.60;R;-7;R
0312316267;2019-02-10 14:00:00;0.48;R;-7;R
0312316267;2019-02-10 13:00:00;0.71;R;-7;R
0312316267;2019-02-10 12:00:00;0.32;R;-7;R
0312316267;2019-02-10 11:00:00;1.97;R;-8;R
0312316267;2019-02-10 10:00:00;2.28;R;-9;R
0312316267;2019-02-10 09:00:00;2.92;R;-10;R
0312316267;2019-02-10 08:00:00;2.10;R;-12;R
0312316267;2019-02-10 07:00:00;2.12;R;-13;R
0312316267;2019-02-10 06:00:00;1.70;R;-13;R
0312316267;2019-02-10 05:00:00;1.53;R;-13;R
0312316267;2019-02-10 04:00:00;0.65;R;-13;R
0312316267;2019-02-10 03:00:00;0.14;R;-13;R
0312316267;2019-02-10 02:00:00;0.05;R;-13;R
0312316267;2019-02-10 01:00:00;0.32;R;-11;R
0312316267;2019-02-10 00:00:00;0.24;R;-12;R
0312316267;2019-02-09 23:00:00;0.23;R;-11;R
0312316267;2019-02-09 22:00:00;1.07;R;-10;R
0312316267;2019-02-09 21:00:00;1.96;R;-10;R
0312316267;2019-02-09 20:00:00;2.57;R;-9;R
0312316267;2019-02-09 19:00:00;1.65;R;-10;R
0312316267;2019-02-09 18:00:00;2.40;R;-10;R
0312316267;2019-02-09 17:00:00;2.41;R;-9;R
0312316267;2019-02-09 16:00:00;2.21;R;-9;R
0312316267;2019-02-09 15:00:00;0.22;R;-8;R
0312316267;2019-02-09 14:00:00;0.55;R;-7;R
0312316267;2019-02-09 13:00:00;0.79;R;-8;R
0312316267;2019-02-09 12:00:00;2.47;R;-9;R
0312316267;2019-02-09 11:00:00;4.42;R;-9;R
0312316267;2019-02-09 10:00:00;3.25;R;-10;R
0312316267;2019-02-09 09:00:00;2.72;R;-11;R
0312316267;2019-02-09 08:00:00;2.29;R;-11;R
0312316267;2019-02-09 07:00:00;1.87;R;-11;R
0312316267;2019-02-09 06:00:00;1.42;R;-12;R
0312316267;2019-02-09 05:00:00;0.89;R;-11;R
0312316267;2019-02-09 04:00:00;0.42;R;-11;R
0312316267;2019-02-09 03:00:00;0.40;R;-10;R
0312316267;2019-02-09 02:00:00;0.34;R;-10;R
0312316267;2019-02-09 01:00:00;0.75;R;-9;R
0312316267;2019-02-09 00:00:00;0.34;R;-9;R
0312316267;2019-02-08 23:00:00;0.58;R;-9;R
0312316267;2019-02-08 22:00:00;2.19;R;-8;R
0312316267;2019-02-08 21:00:00;1.85;R;-7;R
0312316267;2019-02-08 20:00:00;1.68;R;-6;R
0312316267;2019-02-08 19:00:00;1.45;R;-5;R
0312316267;2019-02-08 18:00:00;1.44;R;-4;R
0312316267;2019-02-08 17:00:00;2.11;R;-3;R
0312316267;2019-02-08 16:00:00;2.74;R;-2;R
0312316267;2019-02-08 15:00:00;1.85;R;-1;R
0312316267;2019-02-08 14:00:00;1.40;R;0;R
0312316267;2019-02-08 13:00:00;1.96;R;1;R
0312316267;2019-02-08 12:00:00;3.37;R;0;R
0312316267;2019-02-08 11:00:00;2.89;R;2;R
0312316267;2019-02-08 10:00:00;3.45;R;3;R
0312316267;2019-02-08 09:00:00;2.51;R;4;R
0312316267;2019-02-08 08:00:00;1.25;R;4;R
0312316267;2019-02-08 07:00:00;0.08;R;5;R
0312316267;2019-02-08 06:00:00;0.08;R;4;R
0312316267;2019-02-08 05:00:00;0.17;R;4;R
0312316267;2019-02-08 04:00:00;0.66;R;4;R
0312316267;2019-02-08 03:00:00;0.08;R;4;R
0312316267;2019-02-08 02:00:00;0.14;R;4;R
0312316267;2019-02-08 01:00:00;0.11;R;4;R
0312316267;2019-02-08 00:00:00;0.13;R;2;R
0312316267;2019-02-07 23:00:00;1.03;R;0;R
0312316267;2019-02-07 22:00:00;0.91;R;1;R
0312316267;2019-02-07 21:00:00;1.95;R;0;R
0312316267;2019-02-07 20:00:00;2.99;R;-1;R
0312316267;2019-02-07 19:00:00;2.33;R;-3;R
0312316267;2019-02-07 18:00:00;1.46;R;-3;R
0312316267;2019-02-07 17:00:00;0.56;R;-3;R
0312316267;2019-02-07 16:00:00;1.45;R;-3;R
0312316267;2019-02-07 15:00:00;2.43;R;-4;R
0312316267;2019-02-07 14:00:00;1.17;R;-4;R
0312316267;2019-02-07 13:00:00;1.07;R;-4;R
0312316267;2019-02-07 12:00:00;0.75;R;-4;R
0312316267;2019-02-07 11:00:00;0.17;R;-4;R
0312316267;2019-02-07 10:00:00;0.12;R;-5;R
0312316267;2019-02-07 09:00:00;1.21;R;-5;R
0312316267;2019-02-07 08:00:00;2.86;R;-5;R
0312316267;2019-02-07 07:00:00;1.81;R;-6;R
0312316267;2019-02-07 06:00:00;0.37;R;-6;R
0312316267;2019-02-07 05:00:00;0.08;R;-6;R
0312316267;2019-02-07 04:00:00;0.24;R;-6;R
0312316267;2019-02-07 03:00:00;0.11;R;-6;R
0312316267;2019-02-07 02:00:00;0.70;R;-7;R
0312316267;2019-02-07 01:00:00;0.09;R;-7;R
0312316267;2019-02-07 00:00:00;0.13;R;-7;R
0312316267;2019-02-06 23:00:00;3.10;R;-6;R
0312316267;2019-02-06 22:00:00;3.05;R;-6;R
0312316267;2019-02-06 21:00:00;0.91;R;-6;R
0312316267;2019-02-06 20:00:00;3.07;R;-7;R
0312316267;2019-02-06 19:00:00;0.65;R;-7;R
0312316267;2019-02-06 18:00:00;0.89;R;-8;R
0312316267;2019-02-06 17:00:00;0.14;R;-8;R
0312316267;2019-02-06 16:00:00;0.60;R;-9;R
0312316267;2019-02-06 15:00:00;1.81;R;-9;R
0312316267;2019-02-06 14:00:00;2.69;R;-9;R
0312316267;2019-02-06 13:00:00;4.28;R;-10;R
0312316267;2019-02-06 12:00:00;1.19;R;-10;R
0312316267;2019-02-06 11:00:00;3.74;R;-10;R
0312316267;2019-02-06 10:00:00;4.05;R;-10;R
0312316267;2019-02-06 09:00:00;2.46;R;-10;R
0312316267;2019-02-06 08:00:00;1.28;R;-11;R
0312316267;2019-02-06 07:00:00;0.58;R;-11;R
0312316267;2019-02-06 06:00:00;0.37;R;-10;R
0312316267;2019-02-06 05:00:00;0.40;R;-10;R
0312316267;2019-02-06 04:00:00;0.37;R;-11;R
0312316267;2019-02-06 03:00:00;0.13;R;-11;R
0312316267;2019-02-06 02:00:00;0.24;R;-10;R
0312316267;2019-02-06 01:00:00;0.14;R;-10;R
0312316267;2019-02-06 00:00:00;0.56;R;-10;R
0312316267;2019-02-05 23:00:00;1.07;R;-9;R
0312316267;2019-02-05 22:00:00;1.91;R;-9;R
0312316267;2019-02-05 21:00:00;2.42;R;-8;R
0312316267;2019-02-05 20:00:00;2.61;R;-7;R
0312316267;2019-02-05 19:00:00;4.02;R;-7;R
0312316267;2019-02-05 18:00:00;4.37;R;-6;R
0312316267;2019-02-05 17:00:00;1.17;R;-5;R
0312316267;2019-02-05 16:00:00;0.94;R;-3;R
0312316267;2019-02-05 15:00:00;0.35;R;-1;R
0312316267;2019-02-05 14:00:00;0.42;R;1;R
0312316267;2019-02-05 13:00:00;0.35;R;2;R
0312316267;2019-02-05 12:00:00;0.34;R;3;R
0312316267;2019-02-05 11:00:00;0.45;R;4;R
0312316267;2019-02-05 10:00:00;0.47;R;6;R
0312316267;2019-02-05 09:00:00;0.76;R;6;R
0312316267;2019-02-05 08:00:00;0.60;R;6;R
0312316267;2019-02-05 07:00:00;0.38;R;6;R
0312316267;2019-02-05 06:00:00;0.34;R;4;R
0312316267;2019-02-05 05:00:00;0.42;R;2;R
0312316267;2019-02-05 04:00:00;0.35;R;1;R
0312316267;2019-02-05 03:00:00;0.35;R;0;R
0312316267;2019-02-05 02:00:00;0.66;R;-1;R
0312316267;2019-02-05 01:00:00;0.66;R;-2;R
0312316267;2019-02-05 00:00:00;0.35;R;-3;R
0312316267;2019-02-04 23:00:00;0.41;R;-4;R
0312316267;2019-02-04 22:00:00;0.34;R;-4;R
0312316267;2019-02-04 21:00:00;0.37;R;-4;R
0312316267;2019-02-04 20:00:00;0.37;R;-3;R
0312316267;2019-02-04 19:00:00;0.34;R;-3;R
0312316267;2019-02-04 18:00:00;1.03;R;-3;R
0312316267;2019-02-04 17:00:00;0.36;R;-3;R
0312316267;2019-02-04 16:00:00;0.33;R;-3;R
0312316267;2019-02-04 15:00:00;0.40;R;-4;R
0312316267;2019-02-04 14:00:00;0.35;R;-4;R
0312316267;2019-02-04 13:00:00;0.34;R;-4;R
0312316267;2019-02-04 12:00:00;0.42;R;-5;R
0312316267;2019-02-04 11:00:00;0.73;R;-5;R
0312316267;2019-02-04 10:00:00;0.56;R;-5;R
0312316267;2019-02-04 09:00:00;0.40;R;-6;R
0312316267;2019-02-04 08:00:00;0.35;R;-6;R
0312316267;2019-02-04 07:00:00;0.35;R;-7;R
0312316267;2019-02-04 06:00:00;0.39;R;-7;R
0312316267;2019-02-04 05:00:00;0.37;R;-7;R
0312316267;2019-02-04 04:00:00;0.86;R;-8;R
0312316267;2019-02-04 03:00:00;0.37;R;-9;R
0312316267;2019-02-04 02:00:00;0.38;R;-9;R
0312316267;2019-02-04 01:00:00;0.34;R;-10;R
0312316267;2019-02-04 00:00:00;0.37;R;-11;R
0312316267;2019-02-03 23:00:00;0.39;R;-11;R
0312316267;2019-02-03 22:00:00;0.33;R;-11;R
0312316267;2019-02-03 21:00:00;0.36;R;-11;R
0312316267;2019-02-03 20:00:00;0.40;R;-11;R
0312316267;2019-02-03 19:00:00;1.07;R;-11;R
0312316267;2019-02-03 18:00:00;0.35;R;-12;R
0312316267;2019-02-03 17:00:00;0.40;R;-11;R
0312316267;2019-02-03 16:00:00;0.33;R;-12;R
0312316267;2019-02-03 15:00:00;0.34;R;-12;R
0312316267;2019-02-03 14:00:00;0.44;R;-12;R
0312316267;2019-02-03 13:00:00;0.48;R;-13;R
0312316267;2019-02-03 12:00:00;0.34;R;-13;R
0312316267;2019-02-03 11:00:00;1.05;R;-13;R
0312316267;2019-02-03 10:00:00;0.40;R;-13;R
0312316267;2019-02-03 09:00:00;0.34;R;-13;R
0312316267;2019-02-03 08:00:00;0.35;R;-13;R
0312316267;2019-02-03 07:00:00;0.38;R;-13;R
0312316267;2019-02-03 06:00:00;0.35;R;-13;R
0312316267;2019-02-03 05:00:00;0.39;R;-13;R
0312316267;2019-02-03 04:00:00;0.36;R;-13;R
0312316267;2019-02-03 03:00:00;0.57;R;-13;R
0312316267;2019-02-03 02:00:00;0.87;R;-12;R
0312316267;2019-02-03 01:00:00;0.35;R;-14;R
0312316267;2019-02-03 00:00:00;0.36;R;-13;R
0312316267;2019-02-02 23:00:00;0.40;R;-11;R
0312316267;2019-02-02 22:00:00;0.34;R;-11;R
0312316267;2019-02-02 21:00:00;0.40;R;-10;R
0312316267;2019-02-02 20:00:00;0.34;R;-9;R
0312316267;2019-02-02 19:00:00;0.88;R;-8;R
0312316267;2019-02-02 18:00:00;0.38;R;-8;R
0312316267;2019-02-02 17:00:00;0.33;R;-7;R
0312316267;2019-02-02 16:00:00;0.40;R;-7;R
0312316267;2019-02-02 15:00:00;0.34;R;-7;R
0312316267;2019-02-02 14:00:00;0.41;R;-7;R
0312316267;2019-02-02 13:00:00;0.88;R;-8;R
0312316267;2019-02-02 12:00:00;0.40;R;-8;R
0312316267;2019-02-02 11:00:00;1.20;R;-9;R
0312316267;2019-02-02 10:00:00;3.55;R;-9;R
0312316267;2019-02-02 09:00:00;3.25;R;-10;R
0312316267;2019-02-02 08:00:00;3.79;R;-11;R
0312316267;2019-02-02 07:00:00;1.62;R;-12;R
0312316267;2019-02-02 06:00:00;1.68;R;-12;R
0312316267;2019-02-02 05:00:00;1.32;R;-13;R
0312316267;2019-02-02 04:00:00;0.94;R;-15;R
0312316267;2019-02-02 03:00:00;1.01;R;-16;R
0312316267;2019-02-02 02:00:00;0.45;R;-16;R
0312316267;2019-02-02 01:00:00;0.19;R;-16;R
0312316267;2019-02-02 00:00:00;0.25;R;-15;R
0312316267;2019-02-01 23:00:00;0.91;R;-15;R
0312316267;2019-02-01 22:00:00;1.61;R;-14;R
0312316267;2019-02-01 21:00:00;1.29;R;-14;R
0312316267;2019-02-01 20:00:00;2.24;R;-15;R
0312316267;2019-02-01 19:00:00;2.49;R;-16;R
0312316267;2019-02-01 18:00:00;2.24;R;-14;R
0312316267;2019-02-01 17:00:00;1.75;R;-14;R
0312316267;2019-02-01 16:00:00;0.93;R;-13;R
0312316267;2019-02-01 15:00:00;0.51;R;-12;R
0312316267;2019-02-01 14:00:00;1.12;R;-12;R
0312316267;2019-02-01 13:00:00;1.55;R;-13;R
0312316267;2019-02-01 12:00:00;1.63;R;-13;R
0312316267;2019-02-01 11:00:00;2.07;R;-14;R
0312316267;2019-02-01 10:00:00;4.23;R;-14;R
0312316267;2019-02-01 09:00:00;3.10;R;-16;R
0312316267;2019-02-01 08:00:00;2.43;R;-17;R
0312316267;2019-02-01 07:00:00;1.71;R;-17;R
0312316267;2019-02-01 06:00:00;2.01;R;-17;R
0312316267;2019-02-01 05:00:00;1.31;R;-17;R
0312316267;2019-02-01 04:00:00;0.08;R;-17;R
0312316267;2019-02-01 03:00:00;0.06;R;-16;R
0312316267;2019-02-01 02:00:00;0.06;R;-16;R
0312316267;2019-02-01 01:00:00;0.12;R;-16;R
0312316267;2019-02-01 00:00:00;0.71;R;-15;R
0312316267;2019-01-31 23:00:00;0.12;R;-15;R
0312316267;2019-01-31 22:00:00;2.22;R;-15;R
0312316267;2019-01-31 21:00:00;3.62;R;-16;R
0312316267;2019-01-31 20:00:00;2.17;R;-16;R
0312316267;2019-01-31 19:00:00;2.28;R;-16;R
0312316267;2019-01-31 18:00:00;0.94;R;-16;R
0312316267;2019-01-31 17:00:00;1.76;R;-15;R
0312316267;2019-01-31 16:00:00;2.06;R;-15;R
0312316267;2019-01-31 15:00:00;1.63;R;-14;R
0312316267;2019-01-31 14:00:00;1.49;R;-14;R
0312316267;2019-01-31 13:00:00;1.74;R;-14;R
0312316267;2019-01-31 12:00:00;1.55;R;-15;R
0312316267;2019-01-31 11:00:00;2.21;R;-15;R
0312316267;2019-01-31 10:00:00;0.94;R;-15;R
0312316267;2019-01-31 09:00:00;1.27;R;-16;R
0312316267;2019-01-31 08:00:00;3.01;R;-17;R
0312316267;2019-01-31 07:00:00;2.22;R;-18;R
0312316267;2019-01-31 06:00:00;1.89;R;-17;R
0312316267;2019-01-31 05:00:00;2.04;R;-17;R
0312316267;2019-01-31 04:00:00;1.55;R;-17;R
0312316267;2019-01-31 03:00:00;1.30;R;-17;R
0312316267;2019-01-31 02:00:00;1.41;R;-17;R
0312316267;2019-01-31 01:00:00;1.38;R;-17;R
0312316267;2019-01-31 00:00:00;1.17;R;-17;R
0312316267;2019-01-30 23:00:00;0.50;R;-17;R
0312316267;2019-01-30 22:00:00;0.47;R;-17;R
0312316267;2019-01-30 21:00:00;1.06;R;-16;R
0312316267;2019-01-30 20:00:00;3.04;R;-15;R
0312316267;2019-01-30 19:00:00;1.96;R;-14;R
0312316267;2019-01-30 18:00:00;2.74;R;-13;R
0312316267;2019-01-30 17:00:00;2.30;R;-13;R
0312316267;2019-01-30 16:00:00;1.51;R;-13;R
0312316267;2019-01-30 15:00:00;0.79;R;-12;R
0312316267;2019-01-30 14:00:00;0.51;R;-10;R
0312316267;2019-01-30 13:00:00;0.45;R;-10;R
0312316267;2019-01-30 12:00:00;0.58;R;-10;R
0312316267;2019-01-30 11:00:00;0.60;R;-11;R
0312316267;2019-01-30 10:00:00;0.75;R;-11;R
0312316267;2019-01-30 09:00:00;1.12;R;-12;R
0312316267;2019-01-30 08:00:00;1.59;R;-11;R
0312316267;2019-01-30 07:00:00;2.43;R;-11;R
0312316267;2019-01-30 06:00:00;1.61;R;-10;R
0312316267;2019-01-30 05:00:00;0.98;R;-9;R
0312316267;2019-01-30 04:00:00;0.78;R;-9;R
0312316267;2019-01-30 03:00:00;0.35;R;-8;R
0312316267;2019-01-30 02:00:00;0.96;R;-9;R
0312316267;2019-01-30 01:00:00;0.45;R;-10;R
0312316267;2019-01-30 00:00:00;1.46;R;-10;R
0312316267;2019-01-29 23:00:00;2.95;R;-10;R
0312316267;2019-01-29 22:00:00;3.12;R;-10;R
0312316267;2019-01-29 21:00:00;3.50;R;-10;R
0312316267;2019-01-29 20:00:00;1.64;R;-10;R
0312316267;2019-01-29 19:00:00;2.87;R;-11;R
0312316267;2019-01-29 18:00:00;2.28;R;-11;R
0312316267;2019-01-29 17:00:00;1.56;R;-11;R
0312316267;2019-01-29 16:00:00;0.88;R;-10;R
0312316267;2019-01-29 15:00:00;1.48;R;-10;R
0312316267;2019-01-29 14:00:00;0.99;R;-10;R
0312316267;2019-01-29 13:00:00;2.92;R;-11;R
0312316267;2019-01-29 12:00:00;4.48;R;-11;R
0312316267;2019-01-29 11:00:00;2.00;R;-11;R
0312316267;2019-01-29 10:00:00;2.35;R;-12;R
0312316267;2019-01-29 09:00:00;1.74;R;-12;R
0312316267;2019-01-29 08:00:00;2.67;R;-14;R
0312316267;2019-01-29 07:00:00;2.13;R;-15;R
0312316267;2019-01-29 06:00:00;1.69;R;-15;R
0312316267;2019-01-29 05:00:00;1.35;R;-17;R
0312316267;2019-01-29 04:00:00;0.81;R;-17;R
0312316267;2019-01-29 03:00:00;0.81;R;-18;R
0312316267;2019-01-29 02:00:00;0.45;R;-17;R
0312316267;2019-01-29 01:00:00;0.37;R;-18;R
0312316267;2019-01-29 00:00:00;0.49;R;-18;R
0312316267;2019-01-28 23:00:00;1.22;R;-18;R
0312316267;2019-01-28 22:00:00;0.60;R;-18;R
0312316267;2019-01-28 21:00:00;0.72;R;-18;R
0312316267;2019-01-28 20:00:00;2.24;R;-18;R
0312316267;2019-01-28 19:00:00;3.07;R;-18;R
0312316267;2019-01-28 18:00:00;1.74;R;-18;R
0312316267;2019-01-28 17:00:00;1.21;R;-18;R
0312316267;2019-01-28 16:00:00;1.38;R;-17;R
0312316267;2019-01-28 15:00:00;1.20;R;-17;R
0312316267;2019-01-28 14:00:00;2.12;R;-17;R
0312316267;2019-01-28 13:00:00;1.79;R;-18;R
0312316267;2019-01-28 12:00:00;1.24;R;-19;R
0312316267;2019-01-28 11:00:00;1.32;R;-19;R
0312316267;2019-01-28 10:00:00;1.96;R;-20;R
0312316267;2019-01-28 09:00:00;1.50;R;-20;R
0312316267;2019-01-28 08:00:00;4.06;R;-20;R
0312316267;2019-01-28 07:00:00;2.87;R;-19;R
0312316267;2019-01-28 06:00:00;1.47;R;-19;R
0312316267;2019-01-28 05:00:00;1.50;R;-18;R
0312316267;2019-01-28 04:00:00;1.44;R;-17;R
0312316267;2019-01-28 03:00:00;2.07;R;-17;R
0312316267;2019-01-28 02:00:00;1.79;R;-17;R
0312316267;2019-01-28 01:00:00;1.11;R;-15;R
0312316267;2019-01-28 00:00:00;0.89;R;-12;R
0312316267;2019-01-27 23:00:00;0.30;R;-12;R
0312316267;2019-01-27 22:00:00;0.48;R;-11;R
0312316267;2019-01-27 21:00:00;1.22;R;-10;R
0312316267;2019-01-27 20:00:00;1.62;R;-9;R
0312316267;2019-01-27 19:00:00;0.80;R;-8;R
0312316267;2019-01-27 18:00:00;0.74;R;-7;R
0312316267;2019-01-27 17:00:00;1.54;R;-5;R
0312316267;2019-01-27 16:00:00;1.27;R;-5;R
0312316267;2019-01-27 15:00:00;0.48;R;-4;R
0312316267;2019-01-27 14:00:00;0.81;R;-2;R
0312316267;2019-01-27 13:00:00;0.94;R;-1;R
0312316267;2019-01-27 12:00:00;1.68;R;-1;R
0312316267;2019-01-27 11:00:00;1.34;R;-3;R
0312316267;2019-01-27 10:00:00;2.10;R;-3;R
0312316267;2019-01-27 09:00:00;2.03;R;-5;R
0312316267;2019-01-27 08:00:00;1.28;R;-6;R
0312316267;2019-01-27 07:00:00;1.48;R;-7;R
0312316267;2019-01-27 06:00:00;1.34;R;-10;R
0312316267;2019-01-27 05:00:00;1.45;R;-10;R
0312316267;2019-01-27 04:00:00;1.39;R;-12;R
0312316267;2019-01-27 03:00:00;1.94;R;-12;R
0312316267;2019-01-27 02:00:00;1.40;R;-12;R
0312316267;2019-01-27 01:00:00;1.58;R;-13;R
0312316267;2019-01-27 00:00:00;3.90;R;-12;R
0312316267;2019-01-26 23:00:00;3.63;R;-12;R
0312316267;2019-01-26 22:00:00;0.94;R;-13;R
0312316267;2019-01-26 21:00:00;1.22;R;-13;R
0312316267;2019-01-26 20:00:00;1.06;R;-13;R
0312316267;2019-01-26 19:00:00;1.13;R;-12;R
0312316267;2019-01-26 18:00:00;2.00;R;-13;R
0312316267;2019-01-26 17:00:00;1.16;R;-13;R
0312316267;2019-01-26 16:00:00;0.32;R;-13;R
0312316267;2019-01-26 15:00:00;3.13;R;-12;R
0312316267;2019-01-26 14:00:00;2.76;R;-11;R
0312316267;2019-01-26 13:00:00;3.33;R;-11;R
0312316267;2019-01-26 12:00:00;3.87;R;-12;R
0312316267;2019-01-26 11:00:00;4.54;R;-12;R
0312316267;2019-01-26 10:00:00;4.08;R;-12;R
0312316267;2019-01-26 09:00:00;1.51;R;-13;R
0312316267;2019-01-26 08:00:00;1.64;R;-13;R
0312316267;2019-01-26 07:00:00;1.74;R;-13;R
0312316267;2019-01-26 06:00:00;0.83;R;-13;R
0312316267;2019-01-26 05:00:00;0.92;R;-13;R
0312316267;2019-01-26 04:00:00;0.95;R;-13;R
0312316267;2019-01-26 03:00:00;0.99;R;-13;R
0312316267;2019-01-26 02:00:00;0.65;R;-12;R
0312316267;2019-01-26 01:00:00;0.38;R;-12;R
0312316267;2019-01-26 00:00:00;0.33;R;-11;R
0312316267;2019-01-25 23:00:00;0.77;R;-11;R
0312316267;2019-01-25 22:00:00;0.53;R;-10;R
0312316267;2019-01-25 21:00:00;0.35;R;-10;R
0312316267;2019-01-25 20:00:00;1.10;R;-9;R
0312316267;2019-01-25 19:00:00;2.23;R;-8;R
0312316267;2019-01-25 18:00:00;1.94;R;-7;R
0312316267;2019-01-25 17:00:00;0.86;R;-6;R
0312316267;2019-01-25 16:00:00;0.99;R;-4;R
0312316267;2019-01-25 15:00:00;1.94;R;-3;R
0312316267;2019-01-25 14:00:00;1.49;R;-3;R
0312316267;2019-01-25 13:00:00;0.46;R;-2;R
0312316267;2019-01-25 12:00:00;0.36;R;-3;R
0312316267;2019-01-25 11:00:00;0.48;R;-5;R
0312316267;2019-01-25 10:00:00;0.89;R;-7;R
0312316267;2019-01-25 09:00:00;0.48;R;-8;R
0312316267;2019-01-25 08:00:00;0.91;R;-9;R
0312316267;2019-01-25 07:00:00;0.50;R;-9;R
0312316267;2019-01-25 06:00:00;1.55;R;-10;R
0312316267;2019-01-25 05:00:00;1.72;R;-9;R
0312316267;2019-01-25 04:00:00;1.04;R;-9;R
0312316267;2019-01-25 03:00:00;1.06;R;-9;R
0312316267;2019-01-25 02:00:00;1.11;R;-9;R
0312316267;2019-01-25 01:00:00;1.07;R;-8;R
0312316267;2019-01-25 00:00:00;1.11;R;-7;R
0312316267;2019-01-24 23:00:00;0.66;R;-6;R
0312316267;2019-01-24 22:00:00;0.27;R;-5;R
0312316267;2019-01-24 21:00:00;1.09;R;-4;R
0312316267;2019-01-24 20:00:00;1.01;R;-3;R
0312316267;2019-01-24 19:00:00;1.52;R;-1;R
0312316267;2019-01-24 18:00:00;1.34;R;0;R
0312316267;2019-01-24 17:00:00;1.30;R;1;R
0312316267;2019-01-24 16:00:00;1.56;R;1;R
0312316267;2019-01-24 15:00:00;0.29;R;1;R
0312316267;2019-01-24 14:00:00;0.26;R;1;R
0312316267;2019-01-24 13:00:00;1.04;R;1;R
0312316267;2019-01-24 12:00:00;0.56;R;1;R
0312316267;2019-01-24 11:00:00;0.45;R;1;R
0312316267;2019-01-24 10:00:00;0.49;R;1;R
0312316267;2019-01-24 09:00:00;0.48;R;1;R
0312316267;2019-01-24 08:00:00;1.40;R;1;R
0312316267;2019-01-24 07:00:00;0.43;R;1;R
0312316267;2019-01-24 06:00:00;0.22;R;3;R
0312316267;2019-01-24 05:00:00;0.23;R;1;R
0312316267;2019-01-24 04:00:00;0.35;R;1;R
0312316267;2019-01-24 03:00:00;0.27;R;2;R
0312316267;2019-01-24 02:00:00;0.73;R;2;R
0312316267;2019-01-24 01:00:00;0.30;R;1;R
0312316267;2019-01-24 00:00:00;0.06;R;0;R
0312316267;2019-01-23 23:00:00;0.16;R;-1;R
0312316267;2019-01-23 22:00:00;1.35;R;-1;R
0312316267;2019-01-23 21:00:00;3.69;R;1;R
0312316267;2019-01-23 20:00:00;3.27;R;0;R
0312316267;2019-01-23 19:00:00;0.69;R;0;R
0312316267;2019-01-23 18:00:00;1.10;R;-1;R
0312316267;2019-01-23 17:00:00;1.86;R;-5;R
0312316267;2019-01-23 16:00:00;1.49;R;-7;R
0312316267;2019-01-23 15:00:00;1.50;R;-8;R
0312316267;2019-01-23 14:00:00;1.41;R;-9;R
0312316267;2019-01-23 13:00:00;1.50;R;-8;R
0312316267;2019-01-23 12:00:00;1.92;R;-9;R
0312316267;2019-01-23 11:00:00;1.52;R;-10;R
0312316267;2019-01-23 10:00:00;1.89;R;-11;R
0312316267;2019-01-23 09:00:00;4.26;R;-11;R
0312316267;2019-01-23 08:00:00;2.22;R;-12;R
0312316267;2019-01-23 07:00:00;1.82;R;-13;R
0312316267;2019-01-23 06:00:00;2.03;R;-13;R
0312316267;2019-01-23 05:00:00;1.35;R;-13;R
0312316267;2019-01-23 04:00:00;0.14;R;-13;R
0312316267;2019-01-23 03:00:00;0.13;R;-12;R
0312316267;2019-01-23 02:00:00;0.06;R;-8;R
0312316267;2019-01-23 01:00:00;0.11;R;-9;R
0312316267;2019-01-23 00:00:00;0.39;R;-10;R
0312316267;2019-01-22 23:00:00;0.23;R;-11;R
0312316267;2019-01-22 22:00:00;0.09;R;-12;R
0312316267;2019-01-22 21:00:00;0.30;R;-12;R
0312316267;2019-01-22 20:00:00;3.64;R;-13;R
0312316267;2019-01-22 19:00:00;3.72;R;-14;R
0312316267;2019-01-22 18:00:00;1.87;R;-15;R
0312316267;2019-01-22 17:00:00;1.66;R;-15;R
0312316267;2019-01-22 16:00:00;1.50;R;-15;R
0312316267;2019-01-22 15:00:00;1.49;R;-16;R
0312316267;2019-01-22 14:00:00;1.58;R;-16;R
0312316267;2019-01-22 13:00:00;1.47;R;-16;R
0312316267;2019-01-22 12:00:00;1.53;R;-16;R
0312316267;2019-01-22 11:00:00;1.86;R;-17;R
0312316267;2019-01-22 10:00:00;1.80;R;-19;R
0312316267;2019-01-22 09:00:00;2.55;R;-20;R
0312316267;2019-01-22 08:00:00;2.82;R;-21;R
0312316267;2019-01-22 07:00:00;2.72;R;-22;R
0312316267;2019-01-22 06:00:00;0.70;R;-23;R
0312316267;2019-01-22 05:00:00;0.66;R;-23;R
0312316267;2019-01-22 04:00:00;0.29;R;-23;R
0312316267;2019-01-22 03:00:00;0.06;R;-22;R
0312316267;2019-01-22 02:00:00;0.27;R;-21;R
0312316267;2019-01-22 01:00:00;0.45;R;-21;R
0312316267;2019-01-22 00:00:00;0.09;R;-20;R
0312316267;2019-01-21 23:00:00;1.84;R;-20;R
0312316267;2019-01-21 22:00:00;3.95;R;-19;R
0312316267;2019-01-21 21:00:00;3.25;R;-18;R
0312316267;2019-01-21 20:00:00;1.28;R;-18;R
0312316267;2019-01-21 19:00:00;2.17;R;-17;R
0312316267;2019-01-21 18:00:00;2.42;R;-17;R
0312316267;2019-01-21 17:00:00;2.21;R;-17;R
0312316267;2019-01-21 16:00:00;1.86;R;-17;R
0312316267;2019-01-21 15:00:00;1.63;R;-17;R
0312316267;2019-01-21 14:00:00;1.96;R;-17;R
0312316267;2019-01-21 13:00:00;1.67;R;-18;R
0312316267;2019-01-21 12:00:00;1.61;R;-19;R
0312316267;2019-01-21 11:00:00;2.90;R;-20;R
0312316267;2019-01-21 10:00:00;2.01;R;-20;R
0312316267;2019-01-21 09:00:00;2.28;R;-21;R
0312316267;2019-01-21 08:00:00;2.91;R;-21;R
0312316267;2019-01-21 07:00:00;1.88;R;-21;R
0312316267;2019-01-21 06:00:00;1.13;R;-21;R
0312316267;2019-01-21 05:00:00;1.04;R;-21;R
0312316267;2019-01-21 04:00:00;1.06;R;-21;R
0312316267;2019-01-21 03:00:00;1.06;R;-21;R
0312316267;2019-01-21 02:00:00;1.61;R;-21;R
0312316267;2019-01-21 01:00:00;1.04;R;-20;R
0312316267;2019-01-21 00:00:00;1.06;R;-19;R
0312316267;2019-01-20 23:00:00;1.07;R;-19;R
0312316267;2019-01-20 22:00:00;1.18;R;-18;R
0312316267;2019-01-20 21:00:00;1.61;R;-18;R
0312316267;2019-01-20 20:00:00;2.22;R;-18;R
0312316267;2019-01-20 19:00:00;3.67;R;-17;R
0312316267;2019-01-20 18:00:00;1.96;R;-17;R
0312316267;2019-01-20 17:00:00;2.70;R;-17;R
0312316267;2019-01-20 16:00:00;1.99;R;-16;R
0312316267;2019-01-20 15:00:00;2.74;R;-16;R
0312316267;2019-01-20 14:00:00;3.18;R;-17;R
0312316267;2019-01-20 13:00:00;2.88;R;-18;R
0312316267;2019-01-20 12:00:00;4.52;R;-18;R
0312316267;2019-01-20 11:00:00;4.20;R;-18;R
0312316267;2019-01-20 10:00:00;6.05;R;-18;R
0312316267;2019-01-20 09:00:00;2.34;R;-18;R
0312316267;2019-01-20 08:00:00;2.50;R;-18;R
0312316267;2019-01-20 07:00:00;1.01;R;-18;R
0312316267;2019-01-20 06:00:00;1.05;R;-18;R
0312316267;2019-01-20 05:00:00;1.08;R;-18;R
0312316267;2019-01-20 04:00:00;1.59;R;-19;R
0312316267;2019-01-20 03:00:00;1.11;R;-19;R
0312316267;2019-01-20 02:00:00;1.15;R;-20;R
0312316267;2019-01-20 01:00:00;1.02;R;-21;R
0312316267;2019-01-20 00:00:00;1.07;R;-21;R
0312316267;2019-01-19 23:00:00;1.02;R;-21;R
0312316267;2019-01-19 22:00:00;1.04;R;-21;R
0312316267;2019-01-19 21:00:00;0.79;R;-21;R
0312316267;2019-01-19 20:00:00;0.44;R;-22;R
0312316267;2019-01-19 19:00:00;0.42;R;-22;R
0312316267;2019-01-19 18:00:00;2.81;R;-22;R
0312316267;2019-01-19 17:00:00;3.54;R;-22;R
0312316267;2019-01-19 16:00:00;2.94;R;-23;R
0312316267;2019-01-19 15:00:00;5.05;R;-22;R
0312316267;2019-01-19 14:00:00;4.72;R;-22;R
0312316267;2019-01-19 13:00:00;4.50;R;-23;R
0312316267;2019-01-19 12:00:00;3.01;R;-23;R
0312316267;2019-01-19 11:00:00;4.02;R;-23;R
0312316267;2019-01-19 10:00:00;2.52;R;-23;R
0312316267;2019-01-19 09:00:00;1.09;R;-22;R
0312316267;2019-01-19 08:00:00;1.87;R;-22;R
0312316267;2019-01-19 07:00:00;1.14;R;-22;R
0312316267;2019-01-19 06:00:00;1.57;R;-22;R
0312316267;2019-01-19 05:00:00;1.97;R;-21;R
0312316267;2019-01-19 04:00:00;1.92;R;-20;R
0312316267;2019-01-19 03:00:00;1.99;R;-19;R
0312316267;2019-01-19 02:00:00;2.00;R;-17;R
0312316267;2019-01-19 01:00:00;1.27;R;-16;R
0312316267;2019-01-19 00:00:00;1.07;R;-15;R
0312316267;2019-01-18 23:00:00;0.42;R;-14;R
0312316267;2019-01-18 22:00:00;0.52;R;-12;R
0312316267;2019-01-18 21:00:00;0.60;R;-11;R
0312316267;2019-01-18 20:00:00;2.63;R;-10;R
0312316267;2019-01-18 19:00:00;1.26;R;-10;R
0312316267;2019-01-18 18:00:00;0.60;R;-10;R
0312316267;2019-01-18 17:00:00;1.14;R;-10;R
0312316267;2019-01-18 16:00:00;0.65;R;-11;R
0312316267;2019-01-18 15:00:00;0.52;R;-10;R
0312316267;2019-01-18 14:00:00;1.41;R;-10;R
0312316267;2019-01-18 13:00:00;1.33;R;-11;R
0312316267;2019-01-18 12:00:00;1.38;R;-11;R
0312316267;2019-01-18 11:00:00;1.75;R;-12;R
0312316267;2019-01-18 10:00:00;1.33;R;-13;R
0312316267;2019-01-18 09:00:00;0.63;R;-14;R
0312316267;2019-01-18 08:00:00;3.41;R;-15;R
0312316267;2019-01-18 07:00:00;2.64;R;-15;R
0312316267;2019-01-18 06:00:00;0.34;R;-16;R
0312316267;2019-01-18 05:00:00;0.74;R;-16;R
0312316267;2019-01-18 04:00:00;1.66;R;-16;R
0312316267;2019-01-18 03:00:00;1.71;R;-15;R
0312316267;2019-01-18 02:00:00;1.36;R;-16;R
0312316267;2019-01-18 01:00:00;0.90;R;-16;R
0312316267;2019-01-18 00:00:00;0.43;R;-15;R
0312316267;2019-01-17 23:00:00;0.48;R;-14;R
0312316267;2019-01-17 22:00:00;1.10;R;-14;R
0312316267;2019-01-17 21:00:00;1.14;R;-13;R
0312316267;2019-01-17 20:00:00;1.30;R;-13;R
0312316267;2019-01-17 19:00:00;1.42;R;-15;R
0312316267;2019-01-17 18:00:00;2.04;R;-15;R
0312316267;2019-01-17 17:00:00;1.40;R;-15;R
0312316267;2019-01-17 16:00:00;0.66;R;-15;R
0312316267;2019-01-17 15:00:00;0.95;R;-15;R
0312316267;2019-01-17 14:00:00;0.64;R;-15;R
0312316267;2019-01-17 13:00:00;0.76;R;-15;R
0312316267;2019-01-17 12:00:00;0.81;R;-15;R
0312316267;2019-01-17 11:00:00;1.34;R;-16;R
0312316267;2019-01-17 10:00:00;1.93;R;-17;R
0312316267;2019-01-17 09:00:00;2.59;R;-18;R
0312316267;2019-01-17 08:00:00;1.99;R;-19;R
0312316267;2019-01-17 07:00:00;1.16;R;-20;R
0312316267;2019-01-17 06:00:00;0.63;R;-20;R
0312316267;2019-01-17 05:00:00;0.42;R;-20;R
0312316267;2019-01-17 04:00:00;0.84;R;-20;R
0312316267;2019-01-17 03:00:00;0.43;R;-19;R
0312316267;2019-01-17 02:00:00;0.39;R;-18;R
0312316267;2019-01-17 01:00:00;0.42;R;-18;R
0312316267;2019-01-17 00:00:00;0.42;R;-18;R
0312316267;2019-01-16 23:00:00;0.42;R;-17;R
0312316267;2019-01-16 22:00:00;0.81;R;-16;R
0312316267;2019-01-16 21:00:00;1.39;R;-15;R
0312316267;2019-01-16 20:00:00;0.53;R;-14;R
0312316267;2019-01-16 19:00:00;1.17;R;-14;R
0312316267;2019-01-16 18:00:00;1.28;R;-12;R
0312316267;2019-01-16 17:00:00;2.39;R;-11;R
0312316267;2019-01-16 16:00:00;2.40;R;-10;R
0312316267;2019-01-16 15:00:00;1.10;R;-7;R
0312316267;2019-01-16 14:00:00;0.88;R;-3;R
0312316267;2019-01-16 13:00:00;1.17;R;-2;R
0312316267;2019-01-16 12:00:00;2.48;R;1;R
0312316267;2019-01-16 11:00:00;0.66;R;1;R
0312316267;2019-01-16 10:00:00;1.30;R;0;R
0312316267;2019-01-16 09:00:00;1.50;R;-1;R
0312316267;2019-01-16 08:00:00;3.96;R;-1;R
0312316267;2019-01-16 07:00:00;2.43;R;-2;R
0312316267;2019-01-16 06:00:00;0.41;R;-1;R
0312316267;2019-01-16 05:00:00;0.50;R;-1;R
0312316267;2019-01-16 04:00:00;0.40;R;-1;R
0312316267;2019-01-16 03:00:00;0.48;R;-1;R
0312316267;2019-01-16 02:00:00;0.42;R;-1;R
0312316267;2019-01-16 01:00:00;0.50;R;0;R
0312316267;2019-01-16 00:00:00;0.88;R;-1;R
0312316267;2019-01-15 23:00:00;0.30;R;-1;R
0312316267;2019-01-15 22:00:00;0.40;R;-2;R
0312316267;2019-01-15 21:00:00;0.50;R;-3;R
0312316267;2019-01-15 20:00:00;0.54;R;-3;R
0312316267;2019-01-15 19:00:00;1.53;R;-4;R
0312316267;2019-01-15 18:00:00;2.30;R;-4;R
0312316267;2019-01-15 17:00:00;2.61;R;-4;R
0312316267;2019-01-15 16:00:00;1.61;R;-4;R
0312316267;2019-01-15 15:00:00;2.22;R;-4;R
0312316267;2019-01-15 14:00:00;1.88;R;-4;R
0312316267;2019-01-15 13:00:00;3.56;R;-4;R
0312316267;2019-01-15 12:00:00;4.77;R;-5;R
0312316267;2019-01-15 11:00:00;3.62;R;-5;R
0312316267;2019-01-15 10:00:00;0.86;R;-5;R
0312316267;2019-01-15 09:00:00;0.97;R;-6;R
0312316267;2019-01-15 08:00:00;1.41;R;-6;R
0312316267;2019-01-15 07:00:00;0.64;R;-7;R
0312316267;2019-01-15 06:00:00;0.48;R;-7;R
0312316267;2019-01-15 05:00:00;0.44;R;-7;R
0312316267;2019-01-15 04:00:00;0.92;R;-7;R
0312316267;2019-01-15 03:00:00;0.66;R;-7;R
0312316267;2019-01-15 02:00:00;0.45;R;-7;R
0312316267;2019-01-15 01:00:00;0.48;R;-8;R
0312316267;2019-01-15 00:00:00;0.47;R;-8;R
0312316267;2019-01-14 23:00:00;0.52;R;-8;R
0312316267;2019-01-14 22:00:00;0.52;R;-9;R
0312316267;2019-01-14 21:00:00;0.53;R;-9;R
0312316267;2019-01-14 20:00:00;1.02;R;-10;R
0312316267;2019-01-14 19:00:00;2.48;R;-11;R
0312316267;2019-01-14 18:00:00;1.01;R;-10;R
0312316267;2019-01-14 17:00:00;1.13;R;-10;R
0312316267;2019-01-14 16:00:00;1.33;R;-10;R
0312316267;2019-01-14 15:00:00;1.38;R;-9;R
0312316267;2019-01-14 14:00:00;1.35;R;-10;R
0312316267;2019-01-14 13:00:00;0.73;R;-9;R
0312316267;2019-01-14 12:00:00;1.39;R;-10;R
0312316267;2019-01-14 11:00:00;1.15;R;-10;R
0312316267;2019-01-14 10:00:00;1.76;R;-11;R
0312316267;2019-01-14 09:00:00;1.54;R;-13;R
0312316267;2019-01-14 08:00:00;4.66;R;-15;R
0312316267;2019-01-14 07:00:00;2.87;R;-16;R
0312316267;2019-01-14 06:00:00;0.94;R;-16;R
0312316267;2019-01-14 05:00:00;0.90;R;-18;R
0312316267;2019-01-14 04:00:00;0.91;R;-17;R
0312316267;2019-01-14 03:00:00;0.90;R;-16;R
0312316267;2019-01-14 02:00:00;0.95;R;-17;R
0312316267;2019-01-14 01:00:00;0.93;R;-16;R
0312316267;2019-01-14 00:00:00;0.94;R;-14;R
0312316267;2019-01-13 23:00:00;1.41;R;-15;R
0312316267;2019-01-13 22:00:00;1.22;R;-14;R
0312316267;2019-01-13 21:00:00;1.25;R;-13;R
0312316267;2019-01-13 20:00:00;1.62;R;-13;R
0312316267;2019-01-13 19:00:00;1.27;R;-14;R
0312316267;2019-01-13 18:00:00;1.28;R;-13;R
0312316267;2019-01-13 17:00:00;1.20;R;-12;R
0312316267;2019-01-13 16:00:00;1.54;R;-12;R
0312316267;2019-01-13 15:00:00;0.68;R;-11;R
0312316267;2019-01-13 14:00:00;0.77;R;-11;R
0312316267;2019-01-13 13:00:00;0.71;R;-11;R
0312316267;2019-01-13 12:00:00;2.69;R;-11;R
0312316267;2019-01-13 11:00:00;1.26;R;-12;R
0312316267;2019-01-13 10:00:00;2.64;R;-13;R
0312316267;2019-01-13 09:00:00;2.12;R;-14;R
0312316267;2019-01-13 08:00:00;1.81;R;-15;R
0312316267;2019-01-13 07:00:00;0.51;R;-16;R
0312316267;2019-01-13 06:00:00;0.46;R;-16;R
0312316267;2019-01-13 05:00:00;0.50;R;-16;R
0312316267;2019-01-13 04:00:00;0.46;R;-17;R
0312316267;2019-01-13 03:00:00;0.52;R;-19;R
0312316267;2019-01-13 02:00:00;0.47;R;-19;R
0312316267;2019-01-13 01:00:00;1.06;R;-19;R
0312316267;2019-01-13 00:00:00;0.52;R;-18;R
0312316267;2019-01-12 23:00:00;1.08;R;-17;R
0312316267;2019-01-12 22:00:00;1.09;R;-18;R
0312316267;2019-01-12 21:00:00;1.04;R;-16;R
0312316267;2019-01-12 20:00:00;0.99;R;-16;R
0312316267;2019-01-12 19:00:00;2.15;R;-15;R
0312316267;2019-01-12 18:00:00;2.69;R;-15;R
0312316267;2019-01-12 17:00:00;1.91;R;-15;R
0312316267;2019-01-12 16:00:00;1.71;R;-14;R
0312316267;2019-01-12 15:00:00;1.24;R;-14;R
0312316267;2019-01-12 14:00:00;2.92;R;-14;R
0312316267;2019-01-12 13:00:00;1.89;R;-14;R
0312316267;2019-01-12 12:00:00;2.72;R;-15;R
0312316267;2019-01-12 11:00:00;3.17;R;-15;R
0312316267;2019-01-12 10:00:00;3.61;R;-16;R
0312316267;2019-01-12 09:00:00;2.44;R;-16;R
0312316267;2019-01-12 08:00:00;1.09;R;-17;R
0312316267;2019-01-12 07:00:00;1.58;R;-18;R
0312316267;2019-01-12 06:00:00;1.10;R;-19;R
0312316267;2019-01-12 05:00:00;1.07;R;-19;R
0312316267;2019-01-12 04:00:00;1.06;R;-19;R
0312316267;2019-01-12 03:00:00;1.10;R;-18;R
0312316267;2019-01-12 02:00:00;1.04;R;-17;R
0312316267;2019-01-12 01:00:00;1.09;R;-18;R
0312316267;2019-01-12 00:00:00;0.76;R;-17;R
0312316267;2019-01-11 23:00:00;1.15;R;-16;R
0312316267;2019-01-11 22:00:00;0.91;R;-16;R
0312316267;2019-01-11 21:00:00;1.46;R;-16;R
0312316267;2019-01-11 20:00:00;0.46;R;-15;R
0312316267;2019-01-11 19:00:00;1.48;R;-15;R
0312316267;2019-01-11 18:00:00;2.47;R;-16;R
0312316267;2019-01-11 17:00:00;1.86;R;-16;R
0312316267;2019-01-11 16:00:00;1.81;R;-16;R
0312316267;2019-01-11 15:00:00;1.56;R;-14;R
0312316267;2019-01-11 14:00:00;1.79;R;-13;R
0312316267;2019-01-11 13:00:00;1.74;R;-14;R
0312316267;2019-01-11 12:00:00;1.04;R;-16;R
0312316267;2019-01-11 11:00:00;0.52;R;-17;R
0312316267;2019-01-11 10:00:00;3.25;R;-18;R
0312316267;2019-01-11 09:00:00;4.60;R;-18;R
0312316267;2019-01-11 08:00:00;2.43;R;-18;R
0312316267;2019-01-11 07:00:00;1.37;R;-18;R
0312316267;2019-01-11 06:00:00;1.12;R;-16;R
0312316267;2019-01-11 05:00:00;1.03;R;-15;R
0312316267;2019-01-11 04:00:00;1.10;R;-15;R
0312316267;2019-01-11 03:00:00;1.07;R;-14;R
0312316267;2019-01-11 02:00:00;1.75;R;-13;R
0312316267;2019-01-11 01:00:00;1.11;R;-13;R
0312316267;2019-01-11 00:00:00;0.93;R;-13;R
0312316267;2019-01-10 23:00:00;0.56;R;-13;R
0312316267;2019-01-10 22:00:00;0.54;R;-12;R
0312316267;2019-01-10 21:00:00;0.47;R;-12;R
0312316267;2019-01-10 20:00:00;0.46;R;-11;R
0312316267;2019-01-10 19:00:00;1.94;R;-11;R
0312316267;2019-01-10 18:00:00;1.71;R;-10;R
0312316267;2019-01-10 17:00:00;1.54;R;-9;R
0312316267;2019-01-10 16:00:00;1.21;R;-9;R
0312316267;2019-01-10 15:00:00;1.10;R;-8;R
0312316267;2019-01-10 14:00:00;0.63;R;-8;R
0312316267;2019-01-10 13:00:00;0.56;R;-7;R
0312316267;2019-01-10 12:00:00;0.47;R;-7;R
0312316267;2019-01-10 11:00:00;0.89;R;-6;R
0312316267;2019-01-10 10:00:00;0.48;R;-5;R
0312316267;2019-01-10 09:00:00;0.55;R;-5;R
0312316267;2019-01-10 08:00:00;3.50;R;-4;R
0312316267;2019-01-10 07:00:00;2.01;R;-3;R
0312316267;2019-01-10 06:00:00;0.11;R;-3;R
0312316267;2019-01-10 05:00:00;0.14;R;-3;R
0312316267;2019-01-10 04:00:00;0.60;R;-3;R
0312316267;2019-01-10 03:00:00;0.17;R;-3;R
0312316267;2019-01-10 02:00:00;0.08;R;-3;R
0312316267;2019-01-10 01:00:00;0.17;R;-3;R
0312316267;2019-01-10 00:00:00;0.07;R;-3;R
0312316267;2019-01-09 23:00:00;0.17;R;-2;R
0312316267;2019-01-09 22:00:00;0.08;R;-2;R
0312316267;2019-01-09 21:00:00;0.37;R;-1;R
0312316267;2019-01-09 20:00:00;1.14;R;-1;R
0312316267;2019-01-09 19:00:00;1.76;R;0;R
0312316267;2019-01-09 18:00:00;1.44;R;0;R
0312316267;2019-01-09 17:00:00;1.83;R;1;R
0312316267;2019-01-09 16:00:00;1.47;R;1;R
0312316267;2019-01-09 15:00:00;0.30;R;1;R
0312316267;2019-01-09 14:00:00;0.92;R;1;R
0312316267;2019-01-09 13:00:00;0.58;R;1;R
0312316267;2019-01-09 12:00:00;1.09;R;1;R
0312316267;2019-01-09 11:00:00;1.25;R;1;R
0312316267;2019-01-09 10:00:00;1.25;R;1;R
0312316267;2019-01-09 09:00:00;0.76;R;0;R
0312316267;2019-01-09 08:00:00;1.00;R;0;R
0312316267;2019-01-09 07:00:00;1.36;R;-1;R
0312316267;2019-01-09 06:00:00;1.50;R;-1;R
0312316267;2019-01-09 05:00:00;0.40;R;-2;R
0312316267;2019-01-09 04:00:00;0.28;R;-2;R
0312316267;2019-01-09 03:00:00;0.09;R;-2;R
0312316267;2019-01-09 02:00:00;0.71;R;-2;R
0312316267;2019-01-09 01:00:00;1.02;R;-3;R
0312316267;2019-01-09 00:00:00;1.07;R;-3;R
0312316267;2019-01-08 23:00:00;0.84;R;-2;R
0312316267;2019-01-08 22:00:00;0.91;R;-2;R
0312316267;2019-01-08 21:00:00;1.41;R;-2;R
0312316267;2019-01-08 20:00:00;0.25;R;-1;R
0312316267;2019-01-08 19:00:00;0.40;R;0;R
0312316267;2019-01-08 18:00:00;0.52;R;1;R
0312316267;2019-01-08 17:00:00;0.94;R;1;R
0312316267;2019-01-08 16:00:00;1.07;R;0;R
0312316267;2019-01-08 15:00:00;1.32;R;1;R
0312316267;2019-01-08 14:00:00;0.63;R;1;R
0312316267;2019-01-08 13:00:00;0.79;R;0;R
0312316267;2019-01-08 12:00:00;3.41;R;0;R
0312316267;2019-01-08 11:00:00;4.02;R;0;R
0312316267;2019-01-08 10:00:00;1.77;R;-1;R
0312316267;2019-01-08 09:00:00;1.46;R;-1;R
0312316267;2019-01-08 08:00:00;4.07;R;-1;R
0312316267;2019-01-08 07:00:00;2.31;R;-2;R
0312316267;2019-01-08 06:00:00;0.50;R;-3;R
0312316267;2019-01-08 05:00:00;1.05;R;-3;R
0312316267;2019-01-08 04:00:00;0.51;R;-4;R
0312316267;2019-01-08 03:00:00;1.25;R;-4;R
0312316267;2019-01-08 02:00:00;1.31;R;-5;R
0312316267;2019-01-08 01:00:00;1.39;R;-9;R
0312316267;2019-01-08 00:00:00;0.81;R;-8;R
0312316267;2019-01-07 23:00:00;0.42;R;-10;R
0312316267;2019-01-07 22:00:00;0.46;R;-11;R
0312316267;2019-01-07 21:00:00;0.72;R;-11;R
0312316267;2019-01-07 20:00:00;2.69;R;-11;R
0312316267;2019-01-07 19:00:00;0.00;R;-11;R
0312316267;2019-01-07 18:00:00;0.00;R;-12;R
0312316267;2019-01-07 17:00:00;0.00;R;-12;R
0312316267;2019-01-07 16:00:00;0.00;R;-12;R
0312316267;2019-01-07 15:00:00;0.00;R;-12;R
0312316267;2019-01-07 14:00:00;1.43;R;-11;R
0312316267;2019-01-07 13:00:00;0.88;R;-11;R
0312316267;2019-01-07 12:00:00;2.04;R;-11;R
0312316267;2019-01-07 11:00:00;0.35;R;-12;R
0312316267;2019-01-07 10:00:00;0.36;R;-12;R
0312316267;2019-01-07 09:00:00;1.07;R;-13;R
0312316267;2019-01-07 08:00:00;2.56;R;-15;R
0312316267;2019-01-07 07:00:00;1.45;R;-15;R
0312316267;2019-01-07 06:00:00;1.73;R;-16;R
0312316267;2019-01-07 05:00:00;1.07;R;-16;R
0312316267;2019-01-07 04:00:00;1.09;R;-15;R
0312316267;2019-01-07 03:00:00;1.03;R;-14;R
0312316267;2019-01-07 02:00:00;1.07;R;-14;R
0312316267;2019-01-07 01:00:00;1.09;R;-13;R
0312316267;2019-01-07 00:00:00;0.98;R;-13;R
0312316267;2019-01-06 23:00:00;0.28;R;-12;R
0312316267;2019-01-06 22:00:00;0.79;R;-11;R
0312316267;2019-01-06 21:00:00;0.44;R;-10;R
0312316267;2019-01-06 20:00:00;0.50;R;-10;R
0312316267;2019-01-06 19:00:00;0.66;R;-9;R
0312316267;2019-01-06 18:00:00;0.36;R;-9;R
0312316267;2019-01-06 17:00:00;0.96;R;-8;R
0312316267;2019-01-06 16:00:00;0.72;R;-7;R
0312316267;2019-01-06 15:00:00;0.84;R;-5;R
0312316267;2019-01-06 14:00:00;1.72;R;-4;R
0312316267;2019-01-06 13:00:00;3.87;R;-3;R
0312316267;2019-01-06 12:00:00;3.64;R;-3;R
0312316267;2019-01-06 11:00:00;1.64;R;-3;R
0312316267;2019-01-06 10:00:00;1.64;R;-2;R
0312316267;2019-01-06 09:00:00;0.06;R;-2;R
0312316267;2019-01-06 08:00:00;0.09;R;0;R
0312316267;2019-01-06 07:00:00;0.09;R;0;R
0312316267;2019-01-06 06:00:00;0.09;R;0;R
0312316267;2019-01-06 05:00:00;0.14;R;1;R
0312316267;2019-01-06 04:00:00;0.17;R;1;R
0312316267;2019-01-06 03:00:00;0.71;R;1;R
0312316267;2019-01-06 02:00:00;0.09;R;1;R
0312316267;2019-01-06 01:00:00;0.08;R;1;R
0312316267;2019-01-06 00:00:00;0.09;R;1;R
0312316267;2019-01-05 23:00:00;0.17;R;1;R
0312316267;2019-01-05 22:00:00;0.34;R;2;R
0312316267;2019-01-05 21:00:00;0.40;R;2;R
0312316267;2019-01-05 20:00:00;0.76;R;1;R
0312316267;2019-01-05 19:00:00;0.45;R;2;R
0312316267;2019-01-05 18:00:00;0.83;R;2;R
0312316267;2019-01-05 17:00:00;0.40;R;2;R
0312316267;2019-01-05 16:00:00;1.12;R;2;R
0312316267;2019-01-05 15:00:00;0.69;R;2;R
0312316267;2019-01-05 14:00:00;1.68;R;2;R
0312316267;2019-01-05 13:00:00;3.60;R;2;R
0312316267;2019-01-05 12:00:00;4.05;R;2;R
0312316267;2019-01-05 11:00:00;1.05;R;2;R
0312316267;2019-01-05 10:00:00;0.66;R;2;R
0312316267;2019-01-05 09:00:00;1.08;R;2;R
0312316267;2019-01-05 08:00:00;1.09;R;1;R
0312316267;2019-01-05 07:00:00;0.96;R;0;R
0312316267;2019-01-05 06:00:00;1.26;R;0;R
0312316267;2019-01-05 05:00:00;0.18;R;0;R
0312316267;2019-01-05 04:00:00;0.12;R;0;R
0312316267;2019-01-05 03:00:00;0.45;R;0;R
0312316267;2019-01-05 02:00:00;0.99;R;1;R
0312316267;2019-01-05 01:00:00;1.10;R;1;R
0312316267;2019-01-05 00:00:00;1.07;R;1;R
0312316267;2019-01-04 23:00:00;1.09;R;2;R
0312316267;2019-01-04 22:00:00;1.76;R;2;R
0312316267;2019-01-04 21:00:00;1.39;R;2;R
0312316267;2019-01-04 20:00:00;1.39;R;2;R
0312316267;2019-01-04 19:00:00;2.04;R;2;R
0312316267;2019-01-04 18:00:00;0.54;R;2;R
0312316267;2019-01-04 17:00:00;0.55;R;2;R
0312316267;2019-01-04 16:00:00;0.35;R;2;R
0312316267;2019-01-04 15:00:00;0.84;R;2;R
0312316267;2019-01-04 14:00:00;0.37;R;2;R
0312316267;2019-01-04 13:00:00;0.35;R;2;R
0312316267;2019-01-04 12:00:00;0.35;R;2;R
0312316267;2019-01-04 11:00:00;0.52;R;2;R
0312316267;2019-01-04 10:00:00;0.99;R;2;R
0312316267;2019-01-04 09:00:00;0.42;R;2;R
0312316267;2019-01-04 08:00:00;2.74;R;2;R
0312316267;2019-01-04 07:00:00;1.43;R;1;R
0312316267;2019-01-04 06:00:00;0.58;R;1;R
0312316267;2019-01-04 05:00:00;1.35;R;0;R
0312316267;2019-01-04 04:00:00;0.73;R;0;R
0312316267;2019-01-04 03:00:00;0.30;R;-1;R
0312316267;2019-01-04 02:00:00;0.14;R;-1;R
0312316267;2019-01-04 01:00:00;0.06;R;-1;R
0312316267;2019-01-04 00:00:00;0.17;R;-2;R
0312316267;2019-01-03 23:00:00;0.17;R;-3;R
0312316267;2019-01-03 22:00:00;0.10;R;-4;R
0312316267;2019-01-03 21:00:00;0.91;R;-5;R
0312316267;2019-01-03 20:00:00;0.58;R;-5;R
0312316267;2019-01-03 19:00:00;0.42;R;-5;R
0312316267;2019-01-03 18:00:00;0.42;R;-6;R
0312316267;2019-01-03 17:00:00;0.24;R;-7;R
0312316267;2019-01-03 16:00:00;0.64;R;-6;R
0312316267;2019-01-03 15:00:00;1.12;R;-7;R
0312316267;2019-01-03 14:00:00;1.66;R;-7;R
0312316267;2019-01-03 13:00:00;1.89;R;-8;R
0312316267;2019-01-03 12:00:00;2.55;R;-9;R
0312316267;2019-01-03 11:00:00;2.21;R;-10;R
0312316267;2019-01-03 10:00:00;2.30;R;-11;R
0312316267;2019-01-03 09:00:00;2.21;R;-12;R
0312316267;2019-01-03 08:00:00;2.46;R;-12;R
0312316267;2019-01-03 07:00:00;0.54;R;-13;R
0312316267;2019-01-03 06:00:00;1.07;R;-13;R
0312316267;2019-01-03 05:00:00;1.09;R;-14;R
0312316267;2019-01-03 04:00:00;0.87;R;-14;R
0312316267;2019-01-03 03:00:00;0.43;R;-14;R
0312316267;2019-01-03 02:00:00;0.68;R;-14;R
0312316267;2019-01-03 01:00:00;0.06;R;-14;R
0312316267;2019-01-03 00:00:00;0.13;R;-14;R
0312316267;2019-01-02 23:00:00;0.06;R;-13;R
0312316267;2019-01-02 22:00:00;0.46;R;-13;R
0312316267;2019-01-02 21:00:00;1.38;R;-13;R
0312316267;2019-01-02 20:00:00;1.27;R;-12;R
0312316267;2019-01-02 19:00:00;2.12;R;-12;R
0312316267;2019-01-02 18:00:00;0.44;R;-12;R
0312316267;2019-01-02 17:00:00;0.55;R;-12;R
0312316267;2019-01-02 16:00:00;0.99;R;-11;R
0312316267;2019-01-02 15:00:00;1.58;R;-11;R
0312316267;2019-01-02 14:00:00;1.76;R;-10;R
0312316267;2019-01-02 13:00:00;2.06;R;-10;R
0312316267;2019-01-02 12:00:00;0.27;R;-11;R
0312316267;2019-01-02 11:00:00;3.04;R;-12;R
0312316267;2019-01-02 10:00:00;3.44;R;-13;R
0312316267;2019-01-02 09:00:00;3.25;R;-14;R
0312316267;2019-01-02 08:00:00;1.68;R;-14;R
0312316267;2019-01-02 07:00:00;1.02;R;-15;R
0312316267;2019-01-02 06:00:00;1.08;R;-15;R
0312316267;2019-01-02 05:00:00;1.03;R;-15;R
0312316267;2019-01-02 04:00:00;1.08;R;-14;R
0312316267;2019-01-02 03:00:00;0.99;R;-14;R
0312316267;2019-01-02 02:00:00;0.55;R;-14;R
0312316267;2019-01-02 01:00:00;0.08;R;-13;R
0312316267;2019-01-02 00:00:00;0.67;R;-12;R
0312316267;2019-01-01 23:00:00;0.27;R;-11;R
0312316267;2019-01-01 22:00:00;0.41;R;-11;R
0312316267;2019-01-01 21:00:00;0.48;R;-10;R
0312316267;2019-01-01 20:00:00;0.45;R;-10;R
0312316267;2019-01-01 19:00:00;0.84;R;-9;R
0312316267;2019-01-01 18:00:00;2.53;R;-8;R
0312316267;2019-01-01 17:00:00;1.55;R;-6;R
0312316267;2019-01-01 16:00:00;1.50;R;-5;R
0312316267;2019-01-01 15:00:00;0.39;R;-3;R
0312316267;2019-01-01 14:00:00;0.34;R;-1;R
0312316267;2019-01-01 13:00:00;0.63;R;-1;R
0312316267;2019-01-01 12:00:00;2.30;R;0;R
0312316267;2019-01-01 11:00:00;1.52;R;1;R
0312316267;2019-01-01 10:00:00;0.20;R;1;R
0312316267;2019-01-01 09:00:00;0.08;R;1;R
0312316267;2019-01-01 08:00:00;0.13;R;1;R
0312316267;2019-01-01 07:00:00;0.09;R;0;R
0312316267;2019-01-01 06:00:00;0.12;R;0;R
0312316267;2019-01-01 05:00:00;0.09;R;1;R
0312316267;2019-01-01 04:00:00;0.24;R;0;R
0312316267;2019-01-01 03:00:00;0.52;R;2;R
0312316267;2019-01-01 02:00:00;0.14;R;2;R
0312316267;2019-01-01 01:00:00;0.27;R;2;R
0312316267;2019-01-01 00:00:00;0.58;R;2;R
0312316267;2018-12-31 23:00:00;0.82;R;2;R
0312316267;2018-12-31 22:00:00;1.71;R;-1;R
0312316267;2018-12-31 21:00:00;1.71;R;-3;R
0312316267;2018-12-31 20:00:00;3.14;R;-3;R
0312316267;2018-12-31 19:00:00;1.92;R;-3;R
0312316267;2018-12-31 18:00:00;0.62;R;-3;R
0312316267;2018-12-31 17:00:00;1.32;R;-3;R
0312316267;2018-12-31 16:00:00;2.71;R;-4;R
0312316267;2018-12-31 15:00:00;2.87;R;-3;R
0312316267;2018-12-31 14:00:00;4.23;R;-3;R
0312316267;2018-12-31 13:00:00;4.74;R;-2;R
0312316267;2018-12-31 12:00:00;4.67;R;-2;R
0312316267;2018-12-31 11:00:00;3.70;R;-3;R
0312316267;2018-12-31 10:00:00;0.82;R;-5;R
0312316267;2018-12-31 09:00:00;0.27;R;-6;R
0312316267;2018-12-31 08:00:00;0.09;R;-6;R
0312316267;2018-12-31 07:00:00;0.08;R;-6;R
0312316267;2018-12-31 06:00:00;0.12;R;-7;R
0312316267;2018-12-31 05:00:00;0.08;R;-7;R
0312316267;2018-12-31 04:00:00;0.63;R;-7;R
0312316267;2018-12-31 03:00:00;0.07;R;-7;R
0312316267;2018-12-31 02:00:00;0.13;R;-8;R
0312316267;2018-12-31 01:00:00;0.08;R;-8;R
0312316267;2018-12-31 00:00:00;0.13;R;-8;R
0312316267;2018-12-30 23:00:00;0.32;R;-9;R
0312316267;2018-12-30 22:00:00;1.36;R;-8;R
0312316267;2018-12-30 21:00:00;0.87;R;-8;R
0312316267;2018-12-30 20:00:00;0.96;R;-8;R
0312316267;2018-12-30 19:00:00;1.92;R;-7;R
0312316267;2018-12-30 18:00:00;1.35;R;-7;R
0312316267;2018-12-30 17:00:00;1.06;R;-8;R
0312316267;2018-12-30 16:00:00;1.83;R;-9;R
0312316267;2018-12-30 15:00:00;2.79;R;-8;R
0312316267;2018-12-30 14:00:00;2.86;R;-8;R
0312316267;2018-12-30 13:00:00;4.09;R;-7;R
0312316267;2018-12-30 12:00:00;0.89;R;-8;R
0312316267;2018-12-30 11:00:00;0.87;R;-8;R
0312316267;2018-12-30 10:00:00;1.40;R;-9;R
0312316267;2018-12-30 09:00:00;0.40;R;-10;R
0312316267;2018-12-30 08:00:00;1.68;R;-11;R
0312316267;2018-12-30 07:00:00;1.32;R;-11;R
0312316267;2018-12-30 06:00:00;1.36;R;-11;R
0312316267;2018-12-30 05:00:00;0.84;R;-12;R
0312316267;2018-12-30 04:00:00;0.50;R;-12;R
0312316267;2018-12-30 03:00:00;0.37;R;-12;R
0312316267;2018-12-30 02:00:00;0.39;R;-12;R
0312316267;2018-12-30 01:00:00;0.43;R;-12;R
0312316267;2018-12-30 00:00:00;0.89;R;-12;R
0312316267;2018-12-29 23:00:00;0.45;R;-12;R
0312316267;2018-12-29 22:00:00;0.56;R;-12;R
0312316267;2018-12-29 21:00:00;0.47;R;-12;R
0312316267;2018-12-29 20:00:00;0.50;R;-11;R
0312316267;2018-12-29 19:00:00;0.84;R;-10;R
0312316267;2018-12-29 18:00:00;1.25;R;-10;R
0312316267;2018-12-29 17:00:00;1.25;R;-9;R
0312316267;2018-12-29 16:00:00;0.73;R;-8;R
0312316267;2018-12-29 15:00:00;1.44;R;-7;R
0312316267;2018-12-29 14:00:00;3.30;R;-6;R
0312316267;2018-12-29 13:00:00;1.09;R;-5;R
0312316267;2018-12-29 12:00:00;1.76;R;-6;R
0312316267;2018-12-29 11:00:00;2.61;R;-5;R
0312316267;2018-12-29 10:00:00;0.59;R;-5;R
0312316267;2018-12-29 09:00:00;0.22;R;-3;R
0312316267;2018-12-29 08:00:00;0.51;R;-2;R
0312316267;2018-12-29 07:00:00;1.47;R;0;R
0312316267;2018-12-29 06:00:00;1.09;R;2;R
0312316267;2018-12-29 05:00:00;1.06;R;4;R
0312316267;2018-12-29 04:00:00;1.11;R;6;R
0312316267;2018-12-29 03:00:00;1.05;R;6;R
0312316267;2018-12-29 02:00:00;1.11;R;5;R
0312316267;2018-12-29 01:00:00;0.35;R;3;R
0312316267;2018-12-29 00:00:00;0.13;R;2;R
0312316267;2018-12-28 23:00:00;0.92;R;1;R
0312316267;2018-12-28 22:00:00;0.48;R;1;R
0312316267;2018-12-28 21:00:00;1.23;R;1;R
0312316267;2018-12-28 20:00:00;1.98;R;1;R
0312316267;2018-12-28 19:00:00;2.13;R;1;R
0312316267;2018-12-28 18:00:00;0.70;R;1;R
0312316267;2018-12-28 17:00:00;0.50;R;1;R
0312316267;2018-12-28 16:00:00;1.12;R;1;R
0312316267;2018-12-28 15:00:00;0.81;R;1;R
0312316267;2018-12-28 14:00:00;1.02;R;3;R
0312316267;2018-12-28 13:00:00;1.27;R;3;R
0312316267;2018-12-28 12:00:00;2.24;R;3;R
0312316267;2018-12-28 11:00:00;1.31;R;2;R
0312316267;2018-12-28 10:00:00;0.50;R;2;R
0312316267;2018-12-28 09:00:00;1.00;R;1;R
0312316267;2018-12-28 08:00:00;1.68;R;1;R
0312316267;2018-12-28 07:00:00;1.19;R;1;R
0312316267;2018-12-28 06:00:00;1.08;R;0;R
0312316267;2018-12-28 05:00:00;1.63;R;0;R
0312316267;2018-12-28 04:00:00;1.06;R;-4;R
0312316267;2018-12-28 03:00:00;1.12;R;-5;R
0312316267;2018-12-28 02:00:00;1.08;R;-8;R
0312316267;2018-12-28 01:00:00;1.09;R;-8;R
0312316267;2018-12-28 00:00:00;1.12;R;-9;R
0312316267;2018-12-27 23:00:00;1.34;R;-9;R
0312316267;2018-12-27 22:00:00;0.68;R;-10;R
0312316267;2018-12-27 21:00:00;1.30;R;-10;R
0312316267;2018-12-27 20:00:00;4.86;R;-10;R
0312316267;2018-12-27 19:00:00;4.72;R;-10;R
0312316267;2018-12-27 18:00:00;4.50;R;-9;R
0312316267;2018-12-27 17:00:00;1.60;R;-9;R
0312316267;2018-12-27 16:00:00;1.47;R;-9;R
0312316267;2018-12-27 15:00:00;2.53;R;-10;R
0312316267;2018-12-27 14:00:00;0.32;R;-9;R
0312316267;2018-12-27 13:00:00;0.26;R;-9;R
0312316267;2018-12-27 12:00:00;0.18;R;-9;R
0312316267;2018-12-27 11:00:00;0.19;R;-10;R
0312316267;2018-12-27 10:00:00;0.53;R;-10;R
0312316267;2018-12-27 09:00:00;0.67;R;-11;R
0312316267;2018-12-27 08:00:00;0.63;R;-12;R
0312316267;2018-12-27 07:00:00;1.56;R;-13;R
0312316267;2018-12-27 06:00:00;1.07;R;-14;R
0312316267;2018-12-27 05:00:00;1.07;R;-14;R
0312316267;2018-12-27 04:00:00;1.06;R;-13;R
0312316267;2018-12-27 03:00:00;1.09;R;-12;R
0312316267;2018-12-27 02:00:00;1.06;R;-12;R
0312316267;2018-12-27 01:00:00;1.07;R;-11;R
0312316267;2018-12-27 00:00:00;0.51;R;-10;R
0312316267;2018-12-26 23:00:00;0.73;R;-9;R
0312316267;2018-12-26 22:00:00;0.38;R;-8;R
0312316267;2018-12-26 21:00:00;0.34;R;-7;R
0312316267;2018-12-26 20:00:00;0.39;R;-6;R
0312316267;2018-12-26 19:00:00;1.14;R;-5;R
0312316267;2018-12-26 18:00:00;1.04;R;-5;R
0312316267;2018-12-26 17:00:00;2.04;R;-5;R
0312316267;2018-12-26 16:00:00;0.72;R;-5;R
0312316267;2018-12-26 15:00:00;0.58;R;-5;R
0312316267;2018-12-26 14:00:00;3.41;R;-5;R
0312316267;2018-12-26 13:00:00;4.46;R;-5;R
0312316267;2018-12-26 12:00:00;4.39;R;-5;R
0312316267;2018-12-26 11:00:00;2.81;R;-7;R
0312316267;2018-12-26 10:00:00;1.51;R;-8;R
0312316267;2018-12-26 09:00:00;1.14;R;-9;R
0312316267;2018-12-26 08:00:00;1.68;R;-10;R
0312316267;2018-12-26 07:00:00;1.22;R;-11;R
0312316267;2018-12-26 06:00:00;1.17;R;-11;R
0312316267;2018-12-26 05:00:00;1.28;R;-12;R
0312316267;2018-12-26 04:00:00;1.07;R;-12;R
0312316267;2018-12-26 03:00:00;1.08;R;-12;R
0312316267;2018-12-26 02:00:00;1.11;R;-12;R
0312316267;2018-12-26 01:00:00;1.59;R;-12;R
0312316267;2018-12-26 00:00:00;1.09;R;-12;R
0312316267;2018-12-25 23:00:00;0.96;R;-13;R
0312316267;2018-12-25 22:00:00;0.62;R;-12;R
0312316267;2018-12-25 21:00:00;1.19;R;-12;R
0312316267;2018-12-25 20:00:00;1.65;R;-12;R
0312316267;2018-12-25 19:00:00;3.41;R;-12;R
0312316267;2018-12-25 18:00:00;2.50;R;-11;R
0312316267;2018-12-25 17:00:00;1.50;R;-11;R
0312316267;2018-12-25 16:00:00;0.82;R;-10;R
0312316267;2018-12-25 15:00:00;1.95;R;-9;R
0312316267;2018-12-25 14:00:00;1.23;R;-9;R
0312316267;2018-12-25 13:00:00;1.61;R;-9;R
0312316267;2018-12-25 12:00:00;5.03;R;-10;R
0312316267;2018-12-25 11:00:00;4.09;R;-11;R
0312316267;2018-12-25 10:00:00;4.74;R;-11;R
0312316267;2018-12-25 09:00:00;2.67;R;-12;R
0312316267;2018-12-25 08:00:00;0.41;R;-13;R
0312316267;2018-12-25 07:00:00;0.60;R;-14;R
0312316267;2018-12-25 06:00:00;0.46;R;-14;R
0312316267;2018-12-25 05:00:00;0.44;R;-13;R
0312316267;2018-12-25 04:00:00;0.38;R;-12;R
0312316267;2018-12-25 03:00:00;0.45;R;-11;R
0312316267;2018-12-25 02:00:00;0.39;R;-11;R
0312316267;2018-12-25 01:00:00;1.02;R;-10;R
0312316267;2018-12-25 00:00:00;0.40;R;-10;R
0312316267;2018-12-24 23:00:00;0.22;R;-8;R
0312316267;2018-12-24 22:00:00;0.30;R;-8;R
0312316267;2018-12-24 21:00:00;0.42;R;-9;R
0312316267;2018-12-24 20:00:00;0.38;R;-9;R
0312316267;2018-12-24 19:00:00;0.95;R;-7;R
0312316267;2018-12-24 18:00:00;;N.A.;-7;R
0312316267;2018-12-24 17:00:00;;N.A.;-6;R
0312316267;2018-12-24 16:00:00;;N.A.;-7;R
0312316267;2018-12-24 15:00:00;;N.A.;-7;R
0312316267;2018-12-24 14:00:00;4.13;R;-7;R
0312316267;2018-12-24 13:00:00;4.39;R;-7;R
0312316267;2018-12-24 12:00:00;4.93;R;-7;R
0312316267;2018-12-24 11:00:00;2.58;R;-7;R
0312316267;2018-12-24 10:00:00;1.45;R;-8;R
0312316267;2018-12-24 09:00:00;0.34;R;-8;R
0312316267;2018-12-24 08:00:00;0.13;R;-9;R
0312316267;2018-12-24 07:00:00;0.86;R;-9;R
0312316267;2018-12-24 06:00:00;1.56;R;-9;R
0312316267;2018-12-24 05:00:00;1.09;R;-9;R
0312316267;2018-12-24 04:00:00;1.07;R;-10;R
0312316267;2018-12-24 03:00:00;0.91;R;-10;R
0312316267;2018-12-24 02:00:00;0.35;R;-10;R
0312316267;2018-12-24 01:00:00;0.09;R;-11;R
0312316267;2018-12-24 00:00:00;0.14;R;-10;R
0312316267;2018-12-23 23:00:00;0.75;R;-10;R
0312316267;2018-12-23 22:00:00;0.48;R;-10;R
0312316267;2018-12-23 21:00:00;0.50;R;-10;R
0312316267;2018-12-23 20:00:00;0.55;R;-9;R
0312316267;2018-12-23 19:00:00;1.94;R;-9;R
0312316267;2018-12-23 18:00:00;0.84;R;-9;R
0312316267;2018-12-23 17:00:00;1.62;R;-9;R
0312316267;2018-12-23 16:00:00;1.36;R;-8;R
0312316267;2018-12-23 15:00:00;0.73;R;-7;R
0312316267;2018-12-23 14:00:00;1.12;R;-6;R
0312316267;2018-12-23 13:00:00;3.02;R;-7;R
0312316267;2018-12-23 12:00:00;4.38;R;-7;R
0312316267;2018-12-23 11:00:00;4.62;R;-7;R
0312316267;2018-12-23 10:00:00;4.85;R;-8;R
0312316267;2018-12-23 09:00:00;1.94;R;-8;R
0312316267;2018-12-23 08:00:00;0.42;R;-9;R
0312316267;2018-12-23 07:00:00;0.37;R;-10;R
0312316267;2018-12-23 06:00:00;0.98;R;-10;R
0312316267;2018-12-23 05:00:00;0.44;R;-9;R
0312316267;2018-12-23 04:00:00;0.37;R;-8;R
0312316267;2018-12-23 03:00:00;0.45;R;-7;R
0312316267;2018-12-23 02:00:00;0.40;R;-7;R
0312316267;2018-12-23 01:00:00;0.40;R;-6;R
0312316267;2018-12-23 00:00:00;0.12;R;-6;R
0312316267;2018-12-22 23:00:00;0.69;R;-6;R
0312316267;2018-12-22 22:00:00;0.41;R;-5;R
0312316267;2018-12-22 21:00:00;0.70;R;-4;R
0312316267;2018-12-22 20:00:00;3.41;R;-4;R
0312316267;2018-12-22 19:00:00;1.46;R;-3;R
0312316267;2018-12-22 18:00:00;1.38;R;-3;R
0312316267;2018-12-22 17:00:00;1.56;R;-2;R
0312316267;2018-12-22 16:00:00;1.86;R;-2;R
0312316267;2018-12-22 15:00:00;1.81;R;-2;R
0312316267;2018-12-22 14:00:00;1.96;R;-1;R
0312316267;2018-12-22 13:00:00;3.33;R;-2;R
0312316267;2018-12-22 12:00:00;3.59;R;-2;R
0312316267;2018-12-22 11:00:00;1.34;R;-1;R
0312316267;2018-12-22 10:00:00;1.28;R;-1;R
0312316267;2018-12-22 09:00:00;0.73;R;0;R
0312316267;2018-12-22 08:00:00;0.36;R;0;R
0312316267;2018-12-22 07:00:00;0.42;R;1;R
0312316267;2018-12-22 06:00:00;0.31;R;2;R
0312316267;2018-12-22 05:00:00;0.50;R;2;R
0312316267;2018-12-22 04:00:00;0.30;R;3;R
0312316267;2018-12-22 03:00:00;0.12;R;4;R
0312316267;2018-12-22 02:00:00;0.72;R;4;R
0312316267;2018-12-22 01:00:00;0.10;R;5;R
0312316267;2018-12-22 00:00:00;0.06;R;5;R
0312316267;2018-12-21 23:00:00;0.12;R;4;R
0312316267;2018-12-21 22:00:00;0.40;R;4;R
0312316267;2018-12-21 21:00:00;0.45;R;3;R
0312316267;2018-12-21 20:00:00;0.97;R;3;R
0312316267;2018-12-21 19:00:00;0.71;R;3;R
0312316267;2018-12-21 18:00:00;0.60;R;4;R
0312316267;2018-12-21 17:00:00;0.84;R;4;R
0312316267;2018-12-21 16:00:00;0.27;R;3;R
0312316267;2018-12-21 15:00:00;0.30;R;4;R
0312316267;2018-12-21 14:00:00;0.62;R;6;R
0312316267;2018-12-21 13:00:00;0.58;R;5;R
0312316267;2018-12-21 12:00:00;0.39;R;5;R
0312316267;2018-12-21 11:00:00;0.82;R;4;R
0312316267;2018-12-21 10:00:00;0.27;R;5;R
0312316267;2018-12-21 09:00:00;0.37;R;5;R
0312316267;2018-12-21 08:00:00;2.74;R;4;R
0312316267;2018-12-21 07:00:00;1.57;R;3;R
0312316267;2018-12-21 06:00:00;0.32;R;3;R
0312316267;2018-12-21 05:00:00;0.36;R;1;R
0312316267;2018-12-21 04:00:00;0.99;R;1;R
0312316267;2018-12-21 03:00:00;0.42;R;2;R
0312316267;2018-12-21 02:00:00;0.21;R;3;R
0312316267;2018-12-21 01:00:00;0.11;R;3;R
0312316267;2018-12-21 00:00:00;0.05;R;0;R
